"Показатель";"Территория";"Тип";"Значение как показано";"Исходное число";"Границы интервала";"Единица";"Период";"Источник";"Ссылка";"Дата публикации";"Дата проверки";"Где искать";"Охват и ограничения"
"Средняя аренда 1-к";"Санкт-Петербург";"Аналитика Циан";"45 600";"45600";"";"₽/мес";"Сентябрь 2026";"ЦИАН.Аналитика";"https://corp.cian.ru/news/itogi-3-kvartala-na-rynke-arendy-vpervye-s-2020-g-stavki-nizhe-proshlogodnikh";"22.09.2026";"2026-10-04";"Приложение, строка Санкт-Петербург, 1-комн.; web line 86";"Средняя ставка долгосрочной аренды по предложениям, без элитного сегмента. Не медиана и не цена договора."
"Средняя аренда 2-к";"Санкт-Петербург";"Аналитика Циан";"67 200";"67200";"";"₽/мес";"Сентябрь 2026";"ЦИАН.Аналитика";"https://corp.cian.ru/news/itogi-3-kvartala-na-rynke-arendy-vpervye-s-2020-g-stavki-nizhe-proshlogodnikh";"22.09.2026";"2026-10-04";"Приложение, строка Санкт-Петербург, 2-комн.; web line 86";"Средняя ставка долгосрочной аренды по предложениям, без элитного сегмента. Не медиана и не цена договора."
"Средняя цена квадратного метра";"Санкт-Петербург";"Аналитика Циан";"290 800";"290800";"";"₽/м²";"Сентябрь 2026";"ЦИАН.Аналитика";"https://corp.cian.ru/news/itogi-3-kvartala-na-vtorichnom-rynke-spros-vyros-na-18-tseny-na-3";"28.09.2026";"2026-10-04";"Приложение, строка Санкт-Петербург; web line 96";"Средняя цена предложения на вторичном рынке. Не медиана и не цена сделки. В заголовке таблицы есть ошибочный месячный суффикс; название показателя и текст статьи подтверждают единицу ₽/м²."
"Средняя цена 1-к квартиры";"Санкт-Петербург";"Аналитика Циан";"10 500 000";"10500000";"";"₽";"Январь 2026";"ЦИАН.Аналитика";"https://corp.cian.ru/news/dokhodnost-ot-sdachi-kvartiry-v-2-raza-nizhe-chem-ot-bankovskogo-vklada-no-razryv-sokrashchaetsya";"13.01.2026";"2026-10-04";"Приложение, строка Санкт-Петербург, средняя стоимость 1-к; web line 80";"Средняя стоимость однокомнатной квартиры на вторичном рынке по аналитике ЦИАН. Январь 2026. Источник не уточняет, является входная цена предложением или сделкой; не медиана."
"Средняя аренда 1-к";"Краснодар";"Аналитика Циан";"26 300";"26300";"";"₽/мес";"Сентябрь 2026";"ЦИАН.Аналитика";"https://corp.cian.ru/news/itogi-3-kvartala-na-rynke-arendy-vpervye-s-2020-g-stavki-nizhe-proshlogodnikh";"22.09.2026";"2026-10-04";"Приложение, строка Краснодар, 1-комн.; web line 70";"Средняя ставка долгосрочной аренды по предложениям, без элитного сегмента. Не медиана и не цена договора."
"Средняя аренда 2-к";"Краснодар";"Аналитика Циан";"42 400";"42400";"";"₽/мес";"Сентябрь 2026";"ЦИАН.Аналитика";"https://corp.cian.ru/news/itogi-3-kvartala-na-rynke-arendy-vpervye-s-2020-g-stavki-nizhe-proshlogodnikh";"22.09.2026";"2026-10-04";"Приложение, строка Краснодар, 2-комн.; web line 70";"Средняя ставка долгосрочной аренды по предложениям, без элитного сегмента. Не медиана и не цена договора."
"Средняя цена квадратного метра";"Краснодар";"Аналитика Циан";"144 700";"144700";"";"₽/м²";"Сентябрь 2026";"ЦИАН.Аналитика";"https://corp.cian.ru/news/itogi-3-kvartala-na-vtorichnom-rynke-spros-vyros-na-18-tseny-na-3";"28.09.2026";"2026-10-04";"Приложение, строка Краснодар; web line 80";"Средняя цена предложения на вторичном рынке. Не медиана и не цена сделки. В заголовке таблицы есть ошибочный месячный суффикс; название показателя и текст статьи подтверждают единицу ₽/м²."
"Средняя цена 1-к квартиры";"Краснодар";"Аналитика Циан";"5 500 000";"5500000";"";"₽";"Январь 2026";"ЦИАН.Аналитика";"https://corp.cian.ru/news/dokhodnost-ot-sdachi-kvartiry-v-2-raza-nizhe-chem-ot-bankovskogo-vklada-no-razryv-sokrashchaetsya";"13.01.2026";"2026-10-04";"Приложение, строка Краснодар, средняя стоимость 1-к; web line 65";"Средняя стоимость однокомнатной квартиры на вторичном рынке по аналитике ЦИАН. Январь 2026. Источник не уточняет, является входная цена предложением или сделкой; не медиана."
"Средняя зарплата";"Санкт-Петербург";"Официальная средняя зарплата";"117 177";"117177";"";"₽/мес";"Январь–ноябрь 2025";"Комитет экономической политики СПб";"https://spbinvestment.ru/content/uploadfiles/itogi.pdf#page=33";"Не указана";"2026-10-05";"PDF, страница 33: заработная плата; сверено также со страницами 4 и 39.";"Работники организаций. Полнота круга организаций в публикации отдельно не уточнена."
"Минимальный набор продуктов";"Санкт-Петербург";"Официальный условный набор";"8 563,4";"8563.4";"";"₽/мес";"Цены декабря 2025";"Комитет экономической политики СПб";"https://spbinvestment.ru/content/uploadfiles/itogi.pdf#page=30";"Не указана";"2026-10-05";"PDF, страница 30: стоимость минимального набора; страница 40, строка «г. Санкт-Петербург».";"Только продукты питания. Жильё, ЖКХ, транспорт и связь в этот показатель не входят."
"Средняя зарплата";"Город Краснодар (муниципальное образование)";"Официальная средняя зарплата";"98 800";"98800";"";"₽/мес";"2025 год";"Инвестпортал Краснодарского края";"https://investkuban.ru/articles/news/ekonomika-krasnodara-formiruet-chetvert-vsego-obema-bazovykh-otrasley-regiona/";"2026-03-05";"2026-10-05";"Основной текст: абзац после инвестиций с 2019 года, зарплата организаций Краснодара по итогам прошлого года.";"Только крупные и средние организации города. Малые организации и все остальные жители этим показателем не охвачены."
"Активные вакансии на HH";"Санкт-Петербург";"Агрегат HH";"67 495";"67495";"";"в среднем за день";"Сентябрь 2026";"hh Статистика · HeadHunter";"https://stats.hh.ru/";"Не указана";"2026-10-06";"JSON [""2""][""numberVacancies""][""all""]: заголовок 2025/2026; строка с индексом месяца 8, столбец 2026 (индекс2).";"Городская территория HH; все профессиональные области. Покрывает только записи этой платформы."
"Активные резюме на HH";"Санкт-Петербург";"Агрегат HH";"693 250";"693250";"";"в среднем за день";"Сентябрь 2026";"hh Статистика · HeadHunter";"https://stats.hh.ru/";"Не указана";"2026-10-06";"JSON [""2""][""numberResumes""][""all""]: заголовок 2025/2026; строка с индексом месяца 8, столбец 2026 (индекс2).";"Городская территория HH; все профессиональные области. Покрывает только записи этой платформы."
"Резюме на одну вакансию HH";"Санкт-Петербург";"Агрегат HH";"10,3";"10.3";"";"резюме/вакансию";"Сентябрь 2026";"hh Статистика · HeadHunter";"https://stats.hh.ru/";"Не указана";"2026-10-06";"JSON [""2""][""hhindex""][""all""]: заголовок 2025/2026; строка с индексом месяца 8, столбец 2026 (индекс2).";"Городская территория HH; все профессиональные области. Покрывает только записи этой платформы."
"Медиана предложений зарплаты HH";"Санкт-Петербург";"Агрегат HH";"94 114";"94114.20009";"";"₽/мес";"Сентябрь 2026";"hh Статистика · HeadHunter";"https://stats.hh.ru/";"Не указана";"2026-10-06";"JSON [""2""][""averageCompensation""][""all""]: заголовок 2025/2026; строка с индексом месяца 8, столбец 2026 (индекс2).";"Городская территория HH; все профессиональные области. Покрывает только записи этой платформы."
"Медиана ожиданий зарплаты HH";"Санкт-Петербург";"Агрегат HH";"90 000";"90000";"";"₽/мес";"Сентябрь 2026";"hh Статистика · HeadHunter";"https://stats.hh.ru/";"Не указана";"2026-10-06";"JSON [""2""][""averageExpected""][""all""]: заголовок 2025/2026; строка с индексом месяца 8, столбец 2026 (индекс2).";"Городская территория HH; все профессиональные области. Покрывает только записи этой платформы."
"Активные вакансии на HH";"Краснодар";"Агрегат HH";"16 094";"16094";"";"в среднем за день";"Сентябрь 2026";"hh Статистика · HeadHunter";"https://stats.hh.ru/";"Не указана";"2026-10-06";"JSON [""53""][""numberVacancies""][""all""]: заголовок 2025/2026; строка с индексом месяца 8, столбец 2026 (индекс2).";"Городская территория HH; все профессиональные области. Покрывает только записи этой платформы."
"Активные резюме на HH";"Краснодар";"Агрегат HH";"210 286";"210286";"";"в среднем за день";"Сентябрь 2026";"hh Статистика · HeadHunter";"https://stats.hh.ru/";"Не указана";"2026-10-06";"JSON [""53""][""numberResumes""][""all""]: заголовок 2025/2026; строка с индексом месяца 8, столбец 2026 (индекс2).";"Городская территория HH; все профессиональные области. Покрывает только записи этой платформы."
"Резюме на одну вакансию HH";"Краснодар";"Агрегат HH";"13,1";"13.1";"";"резюме/вакансию";"Сентябрь 2026";"hh Статистика · HeadHunter";"https://stats.hh.ru/";"Не указана";"2026-10-06";"JSON [""53""][""hhindex""][""all""]: заголовок 2025/2026; строка с индексом месяца 8, столбец 2026 (индекс2).";"Городская территория HH; все профессиональные области. Покрывает только записи этой платформы."
"Медиана предложений зарплаты HH";"Краснодар";"Агрегат HH";"85 680";"85680.14369";"";"₽/мес";"Сентябрь 2026";"hh Статистика · HeadHunter";"https://stats.hh.ru/";"Не указана";"2026-10-06";"JSON [""53""][""averageCompensation""][""all""]: заголовок 2025/2026; строка с индексом месяца 8, столбец 2026 (индекс2).";"Городская территория HH; все профессиональные области. Покрывает только записи этой платформы."
"Медиана ожиданий зарплаты HH";"Краснодар";"Агрегат HH";"78 758";"78757.97375";"";"₽/мес";"Сентябрь 2026";"hh Статистика · HeadHunter";"https://stats.hh.ru/";"Не указана";"2026-10-06";"JSON [""53""][""averageExpected""][""all""]: заголовок 2025/2026; строка с индексом месяца 8, столбец 2026 (индекс2).";"Городская территория HH; все профессиональные области. Покрывает только записи этой платформы."
"Постоянное население";"Санкт-Петербург";"Официальный показатель";"5 652 922";"5652922";"";"человек";"На 1 января 2025";"Росстат";"https://rosstat.gov.ru/storage/mediabank/OkPopul_Comp2025_Site.xlsx";"2025-03-14";"2026-10-06";"Лист «Всего», строка 41, ячейка G41; заголовки строк 5–8.";"Вся административная территория субъекта РФ; краевые значения не являются муниципальными или городскими."
"Изменение населения";"Санкт-Петербург";"Официальный показатель";"55 159";"55159";"";"человек";"2024 год";"Росстат";"https://rosstat.gov.ru/storage/mediabank/OkPopul_Comp2025_Site.xlsx";"2025-03-14";"2026-10-06";"Лист «Всего», строка 41, ячейка C41; заголовки строк 5–8.";"Вся административная территория субъекта РФ; краевые значения не являются муниципальными или городскими."
"Естественный прирост / убыль";"Санкт-Петербург";"Официальный показатель";"-15 305";"-15305";"";"человек";"2024 год";"Росстат";"https://rosstat.gov.ru/storage/mediabank/OkPopul_Comp2025_Site.xlsx";"2025-03-14";"2026-10-06";"Лист «Всего», строка 41, ячейка D41; заголовки строк 5–8.";"Вся административная территория субъекта РФ; краевые значения не являются муниципальными или городскими."
"Миграционный прирост";"Санкт-Петербург";"Официальный показатель";"70 464";"70464";"";"человек";"2024 год";"Росстат";"https://rosstat.gov.ru/storage/mediabank/OkPopul_Comp2025_Site.xlsx";"2025-03-14";"2026-10-06";"Лист «Всего», строка 41, ячейка E41; заголовки строк 5–8.";"Вся административная территория субъекта РФ; краевые значения не являются муниципальными или городскими."
"Постоянное население";"Краснодарский край";"Официальный показатель";"5 842 238";"5842238";"";"человек";"На 1 января 2025";"Росстат";"https://rosstat.gov.ru/storage/mediabank/OkPopul_Comp2025_Site.xlsx";"2025-03-14";"2026-10-06";"Лист «Всего», строка 46, ячейка G46; заголовки строк 5–8.";"Вся административная территория субъекта РФ; краевые значения не являются муниципальными или городскими."
"Изменение населения";"Краснодарский край";"Официальный показатель";"9 236";"9236";"";"человек";"2024 год";"Росстат";"https://rosstat.gov.ru/storage/mediabank/OkPopul_Comp2025_Site.xlsx";"2025-03-14";"2026-10-06";"Лист «Всего», строка 46, ячейка C46; заголовки строк 5–8.";"Вся административная территория субъекта РФ; краевые значения не являются муниципальными или городскими."
"Естественный прирост / убыль";"Краснодарский край";"Официальный показатель";"-22 357";"-22357";"";"человек";"2024 год";"Росстат";"https://rosstat.gov.ru/storage/mediabank/OkPopul_Comp2025_Site.xlsx";"2025-03-14";"2026-10-06";"Лист «Всего», строка 46, ячейка D46; заголовки строк 5–8.";"Вся административная территория субъекта РФ; краевые значения не являются муниципальными или городскими."
"Миграционный прирост";"Краснодарский край";"Официальный показатель";"31 593";"31593";"";"человек";"2024 год";"Росстат";"https://rosstat.gov.ru/storage/mediabank/OkPopul_Comp2025_Site.xlsx";"2025-03-14";"2026-10-06";"Лист «Всего», строка 46, ячейка E46; заголовки строк 5–8.";"Вся административная территория субъекта РФ; краевые значения не являются муниципальными или городскими."
"Население муниципалитета Краснодара";"Городской округ город Краснодар, включая сельские населённые пункты";"Официальный показатель";"1 262 725";"1262725";"";"человек";"На 1 января 2025";"Росстат";"https://rosstat.gov.ru/storage/mediabank/%D0%A1hisl_MO_01-01-2025.xlsx";"2025-04-25";"2026-10-06";"Лист «Численность_по_МО», строка 7024, C7024; заголовки строк 6–8; код 0370100000.";"Муниципальный уровень и населённый пункт — разные границы; значения не взаимозаменяемы."
"Изменение между опубликованными оценками";"Городской округ город Краснодар, включая сельские населённые пункты";"Расчёт по опубликованным данным";"18 886";"18886";"";"человек";"Между 1 января 2024 и 1 января 2025";"Росстат";"https://rosstat.gov.ru/storage/mediabank/%D0%A1hisl_MO_01-01-2025.xlsx";"2025-04-25";"2026-10-06";"2025: «Численность_по_МО», C7024; 2024: тот же лист, C7127; код 0370100000.";"Не называется миграционным или естественным приростом."
"Население города Краснодара";"Город Краснодар — населённый пункт, без подчинённых сельских поселений";"Официальный показатель";"1 154 885";"1154885";"";"человек";"На 1 января 2025";"Росстат";"https://rosstat.gov.ru/storage/mediabank/%D0%A1hisl_MO_01-01-2025.xlsx";"2025-04-25";"2026-10-06";"Лист «Численность_по_МО», строка 7025, C7025; заголовки строк 6–8; код 037010000011002.";"Муниципальный уровень и населённый пункт — разные границы; значения не взаимозаменяемы."
"Изменение между опубликованными оценками";"Город Краснодар — населённый пункт, без подчинённых сельских поселений";"Расчёт по опубликованным данным";"16 231";"16231";"";"человек";"Между 1 января 2024 и 1 января 2025";"Росстат";"https://rosstat.gov.ru/storage/mediabank/%D0%A1hisl_MO_01-01-2025.xlsx";"2025-04-25";"2026-10-06";"2025: «Численность_по_МО», C7025; 2024: тот же лист, C7128; код 037010000011002.";"Не называется миграционным или естественным приростом."
"Общая безработица по МОТ";"Санкт-Петербург";"Официальный показатель";"1,5";"1.5";"";"%";"Октябрь–декабрь 2025, в среднем";"Комитет экономической политики СПб";"https://spbinvestment.ru/content/uploadfiles/itogi.pdf#page=36";"Не указана";"2026-10-06";"PDF, страница 36 (нумерация от 1); раздел 14 «Рынок труда».";"Доля безработных в рабочей силе; это не доля зарегистрированных в службе занятости."
"Зарегистрированная безработица";"Санкт-Петербург";"Официальный показатель";"0,32";"0.32";"";"%";"Конец декабря 2025";"Комитет экономической политики СПб";"https://spbinvestment.ru/content/uploadfiles/itogi.pdf#page=36";"Не указана";"2026-10-06";"PDF, страница 36 (нумерация от 1); раздел 14 «Рынок труда».";"Только официально зарегистрированные безработные; знаменатель — рабочая сила."
"Зарегистрированные безработные";"Санкт-Петербург";"Официальный показатель";"≈ 10 500";"10500";"";"человек";"31 декабря 2025";"Комитет экономической политики СПб";"https://spbinvestment.ru/content/uploadfiles/itogi.pdf#page=36";"Не указана";"2026-10-06";"PDF, страница 36 (нумерация от 1); раздел 14 «Рынок труда».";"Не 15400: эта большая численность включает также незанятых без статуса безработного."
"Рабочие места, заявленные службе занятости";"Санкт-Петербург";"Официальный показатель";"≈ 28 500";"28500";"";"вакансий";"31 декабря 2025";"Комитет экономической политики СПб";"https://spbinvestment.ru/content/uploadfiles/itogi.pdf#page=37";"Не указана";"2026-10-06";"PDF, страница 37 (нумерация от 1); раздел 14 «Рынок труда».";"Это государственный реестр потребности; не HH, не весь рынок и не число уникальных работодателей."
"Зарегистрированная безработица — край";"Краснодарский край";"Официальный показатель";"0,3";"0.3";"";"%";"Конец декабря 2025";"Краснодарстат";"https://23.rosstat.gov.ru/storage/2026/02-13/WJ9Ek9Ed/Doc_2025%20god.pdf";"Не указана";"2026-10-06";"PDF, страница 127: абзац под таблицей динамики числа незанятых.";"Весь Краснодарский край, не Краснодар; нельзя помещать в городской ряд."
"Зарегистрированные безработные — край";"Краснодарский край";"Официальный показатель";"≈ 8 900";"8900";"";"человек";"Конец декабря 2025";"Краснодарстат";"https://23.rosstat.gov.ru/storage/2026/02-13/WJ9Ek9Ed/Doc_2025%20god.pdf";"Не указана";"2026-10-06";"PDF, страница 127, таблица: декабрь 2025, столбец «из них имеют статус безработного».";"Весь Краснодарский край, не Краснодар; нельзя помещать в городской ряд."
"Потребность в работниках — край";"Краснодарский край";"Официальный показатель";"≈ 50 500";"50500";"";"вакансий";"Конец декабря 2025";"Краснодарстат";"https://23.rosstat.gov.ru/storage/2026/02-13/WJ9Ek9Ed/Doc_2025%20god.pdf";"Не указана";"2026-10-06";"PDF, страница 127, абзац «Потребность организаций в работниках».";"Весь Краснодарский край, не Краснодар; нельзя помещать в городской ряд."
"Общая безработица — краевой расчётный ориентир";"Краснодарский край";"Расчёт по опубликованным данным";"≈ 2,0";"2.029083530605343";"";"%";"2025 год";"Краснодарстат";"https://23.rosstat.gov.ru/storage/mediabank/%D0%9A%D1%80%D0%B0%D1%81%D0%BD%D0%BE%D0%B4%D0%B0%D1%80%D1%81%D0%BA%D0%B8%D0%B9%20%D0%BA%D1%80%D0%B0%D0%B9%20%D0%B2%20%D1%86%D0%B8%D1%84%D1%80%D0%B0%D1%85%202025.pdf";"Не указана";"2026-10-06";"PDF, страница 24, таблица 4.1: столбец 2025, рабочая сила 2957 тыс., безработные 60 тыс.; методология стр.123; методология МОТ также в full2025-report стр.140.";"Не городской показатель; приблизительно 2,0%, а не прямо опубликованный процент."
"Медианная начисленная зарплата";"Санкт-Петербург";"Официальный показатель";"99 944";"99944";"";"₽/мес";"Апрель 2025";"Росстат · обследование зарплат";"https://www.rosstat.gov.ru/storage/mediabank/Bul_zp_2025.rar";"Не указана";"2026-10-07";"Архив, tab_38.xls, строка 37, столбец B; субъект «г.Санкт-Петербург», заголовок «Медианное значение…».";"Работники обследуемых организаций всех видов деятельности и форм собственности, без малого предпринимательства. Апрельское обследование, не все жители и не ежемесячная медиана."
"Модальный интервал зарплаты (расчёт)";"Санкт-Петербург";"Расчёт по опубликованным данным";"80 000,1–100 000,0";"";"80000.1 | 100000";"₽/мес";"Апрель 2025";"Росстат · обследование зарплат";"https://www.rosstat.gov.ru/storage/mediabank/Bul_zp_2025.rar";"Не указана";"2026-10-07";"Архив, tab_11.xls, строка 39; интервалы в строке 6; столбец 28 (номер от1).";"Работники обследуемых организаций всех видов деятельности и форм собственности, без малого предпринимательства. Апрельское обследование, не все жители и не ежемесячная медиана."
"Медианная начисленная зарплата";"Краснодарский край";"Официальный показатель";"61 954";"61954";"";"₽/мес";"Апрель 2025";"Росстат · обследование зарплат";"https://www.rosstat.gov.ru/storage/mediabank/Bul_zp_2025.rar";"Не указана";"2026-10-07";"Архив, tab_38.xls, строка 42, столбец B; субъект «Краснодарский край», заголовок «Медианное значение…».";"Работники обследуемых организаций всех видов деятельности и форм собственности, без малого предпринимательства. Апрельское обследование, не все жители и не ежемесячная медиана. Весь Краснодарский край; городской показатель из этой таблицы не определяется."
"Модальный интервал зарплаты (расчёт)";"Краснодарский край";"Расчёт по опубликованным данным";"23 550,1–24 670,0";"";"23550.1 | 24670";"₽/мес";"Апрель 2025";"Росстат · обследование зарплат";"https://www.rosstat.gov.ru/storage/mediabank/Bul_zp_2025.rar";"Не указана";"2026-10-07";"Архив, tab_11.xls, строка 44; интервалы в строке 6; столбец 5 (номер от1).";"Работники обследуемых организаций всех видов деятельности и форм собственности, без малого предпринимательства. Апрельское обследование, не все жители и не ежемесячная медиана. Весь Краснодарский край; городской показатель из этой таблицы не определяется."
